"pages","headtext1selftext","bfollowingsiblingtext1selftext","bodyh21followingsiblingtext1selftext","pprecedingsiblingtextselftext","bodyh21textselftext","pprecedingsiblingfollowingsiblingtext1selftext"
"person4.html","person4","0423456789","name4@domain4.uk","Person 4 details","Person 4 details","name4@domain4.uk"
"person5.html","person5","098765435","","Person 5 details","","name5@domain5.uk"
"person1.html","person1","0123456789","name1@domain1.uk","Person 1 details","Person 1 details","name1@domain1.uk"
"person9.html","person9","098765439","","Person 9 details","","name9@domain9.uk"
"person8.html","person8","0128454821","name8@domain8.uk","Person 8 details","Person 8 details","name8@domain8.uk"
"person6.html","person6","0126454621","name6@domain6.uk","Person 6 details","Person 6 details","name6@domain6.uk"
"person2.html","person2","098765432","name2@domain2.uk","Person 2 details","Person 2 details","name2@domain2.uk"
"person3.html","person3","0123454321","name3@domain3.uk","Person 3 details","Person 3 details","name3@domain3.uk"
"person7.html","person7","0723456789","name7@domain7.uk","Person 7 details","Person 7 details","name7@domain7.uk"
