"pages","dividtabsch21img1precedingsiblingstrong1text1selftext","dividproductaction641222724precedingsiblingp1textselftext","dividproductaction641222724followingsiblingtext1h11text1selftext","spanid3450603012followingsiblingtext1p1textselftext","dividproductcomparisontemplatewrapperbutton1span1textselftext","dividcartinfoprecedingsiblingspan1span1text1selftext","","dividfootercontactdiv1ul1li1textselftext","dividgoogletranslateelementprecedingsiblingprecedingsiblinga1span1text1selftext","formidmcembeddedsubscribeformprecedingsiblingtextselftext"
"65.html","Prezzi mostrati IVA inclusa - Non si effettuano spedizioni in contrassegno.","","","","�","0","0","Work Shop s.r.l. via varese 160 22076 Mozzate (CO) - P.iva 05203150965","0","Iscriviti alla nostra newsletter per rimanere sempre aggiornato sulle ultime novit� e ricevere sconti esclusivi!"
"110.html","Prezzi mostrati IVA inclusa - Non si effettuano spedizioni in contrassegno.","","","","�","0","0","Work Shop s.r.l. via varese 160 22076 Mozzate (CO) - P.iva 05203150965","0","Iscriviti alla nostra newsletter per rimanere sempre aggiornato sulle ultime novit� e ricevere sconti esclusivi!"
"90.html","Prezzi mostrati IVA inclusa - Non si effettuano spedizioni in contrassegno.","","","","�","0","0","Work Shop s.r.l. via varese 160 22076 Mozzate (CO) - P.iva 05203150965","0","Iscriviti alla nostra newsletter per rimanere sempre aggiornato sulle ultime novit� e ricevere sconti esclusivi!"
"116.html","Prezzi mostrati IVA inclusa - Non si effettuano spedizioni in contrassegno.","","","","�","0","0","Work Shop s.r.l. via varese 160 22076 Mozzate (CO) - P.iva 05203150965","0","Iscriviti alla nostra newsletter per rimanere sempre aggiornato sulle ultime novit� e ricevere sconti esclusivi!"
"73.html","Prezzi mostrati IVA inclusa - Non si effettuano spedizioni in contrassegno.","","","","�","0","0","Work Shop s.r.l. via varese 160 22076 Mozzate (CO) - P.iva 05203150965","0","Iscriviti alla nostra newsletter per rimanere sempre aggiornato sulle ultime novit� e ricevere sconti esclusivi!"
"113.html","Prezzi mostrati IVA inclusa - Non si effettuano spedizioni in contrassegno.","","","","�","0","0","Work Shop s.r.l. via varese 160 22076 Mozzate (CO) - P.iva 05203150965","0","Iscriviti alla nostra newsletter per rimanere sempre aggiornato sulle ultime novit� e ricevere sconti esclusivi!"
"68.html","Prezzi mostrati IVA inclusa - Non si effettuano spedizioni in contrassegno.","Set 3 chiavi bussola Macchina con inserti polimerici per dadi ruote Beta 720LC/C3 Descrizione Non danneggiano i cerchi in lega ? misure: 17 - 19...","3 chiavi bussola Macchina con inserti polimerici per dadi ruote Beta 720LC/C3","","�","0","0","Work Shop s.r.l. via varese 160 22076 Mozzate (CO) - P.iva 05203150965","0","Iscriviti alla nostra newsletter per rimanere sempre aggiornato sulle ultime novit� e ricevere sconti esclusivi!"
"76.html","Prezzi mostrati IVA inclusa - Non si effettuano spedizioni in contrassegno.","","","","�","0","0","Work Shop s.r.l. via varese 160 22076 Mozzate (CO) - P.iva 05203150965","0","Iscriviti alla nostra newsletter per rimanere sempre aggiornato sulle ultime novit� e ricevere sconti esclusivi!"
"380.html","Prezzi mostrati IVA inclusa - Non si effettuano spedizioni in contrassegno.","","","","�","0","0","Work Shop s.r.l. via varese 160 22076 Mozzate (CO) - P.iva 05203150965","0","Iscriviti alla nostra newsletter per rimanere sempre aggiornato sulle ultime novit� e ricevere sconti esclusivi!"
"102.html","Prezzi mostrati IVA inclusa - Non si effettuano spedizioni in contrassegno.","","","","�","0","0","Work Shop s.r.l. via varese 160 22076 Mozzate (CO) - P.iva 05203150965","0","Iscriviti alla nostra newsletter per rimanere sempre aggiornato sulle ultime novit� e ricevere sconti esclusivi!"
"75.html","Prezzi mostrati IVA inclusa - Non si effettuano spedizioni in contrassegno.","","","","�","0","0","Work Shop s.r.l. via varese 160 22076 Mozzate (CO) - P.iva 05203150965","0","Iscriviti alla nostra newsletter per rimanere sempre aggiornato sulle ultime novit� e ricevere sconti esclusivi!"
"117.html","Prezzi mostrati IVA inclusa - Non si effettuano spedizioni in contrassegno.","","","","�","0","0","Work Shop s.r.l. via varese 160 22076 Mozzate (CO) - P.iva 05203150965","0","Iscriviti alla nostra newsletter per rimanere sempre aggiornato sulle ultime novit� e ricevere sconti esclusivi!"
"67.html","Prezzi mostrati IVA inclusa - Non si effettuano spedizioni in contrassegno.","","","","�","0","0","Work Shop s.r.l. via varese 160 22076 Mozzate (CO) - P.iva 05203150965","0","Iscriviti alla nostra newsletter per rimanere sempre aggiornato sulle ultime novit� e ricevere sconti esclusivi!"
"72.html","Prezzi mostrati IVA inclusa - Non si effettuano spedizioni in contrassegno.","","","","�","0","0","Work Shop s.r.l. via varese 160 22076 Mozzate (CO) - P.iva 05203150965","0","Iscriviti alla nostra newsletter per rimanere sempre aggiornato sulle ultime novit� e ricevere sconti esclusivi!"
"109.html","Prezzi mostrati IVA inclusa - Non si effettuano spedizioni in contrassegno.","","","","�","0","0","Work Shop s.r.l. via varese 160 22076 Mozzate (CO) - P.iva 05203150965","0","Iscriviti alla nostra newsletter per rimanere sempre aggiornato sulle ultime novit� e ricevere sconti esclusivi!"
"64.html","Prezzi mostrati IVA inclusa - Non si effettuano spedizioni in contrassegno.","","","","�","0","0","Work Shop s.r.l. via varese 160 22076 Mozzate (CO) - P.iva 05203150965","0","Iscriviti alla nostra newsletter per rimanere sempre aggiornato sulle ultime novit� e ricevere sconti esclusivi!"
"114.html","Prezzi mostrati IVA inclusa - Non si effettuano spedizioni in contrassegno.","","","","�","0","0","Work Shop s.r.l. via varese 160 22076 Mozzate (CO) - P.iva 05203150965","0","Iscriviti alla nostra newsletter per rimanere sempre aggiornato sulle ultime novit� e ricevere sconti esclusivi!"
"111.html","Prezzi mostrati IVA inclusa - Non si effettuano spedizioni in contrassegno.","","","","�","0","0","Work Shop s.r.l. via varese 160 22076 Mozzate (CO) - P.iva 05203150965","0","Iscriviti alla nostra newsletter per rimanere sempre aggiornato sulle ultime novit� e ricevere sconti esclusivi!"
"2.html","Prezzi mostrati IVA inclusa - Non si effettuano spedizioni in contrassegno.","","","","�","0","0","Work Shop s.r.l. via varese 160 22076 Mozzate (CO) - P.iva 05203150965","0","Iscriviti alla nostra newsletter per rimanere sempre aggiornato sulle ultime novit� e ricevere sconti esclusivi!"
"97.html","Prezzi mostrati IVA inclusa - Non si effettuano spedizioni in contrassegno.","","","","�","0","0","Work Shop s.r.l. via varese 160 22076 Mozzate (CO) - P.iva 05203150965","0","Iscriviti alla nostra newsletter per rimanere sempre aggiornato sulle ultime novit� e ricevere sconti esclusivi!"
"5.html","","","","","�","0","0","Work Shop s.r.l. via varese 160 22076 Mozzate (CO) - P.iva 05203150965","0","Iscriviti alla nostra newsletter per rimanere sempre aggiornato sulle ultime novit� e ricevere sconti esclusivi!"
"115.html","Prezzi mostrati IVA inclusa - Non si effettuano spedizioni in contrassegno.","","","Valigia Allestita Fervi 130 Utensili 0110 VALIGIA CON UTENSILI E ACCESSORI CHROME-VANADIUM 130 PEZZI   Peso9,8 kg Chiavi esagonali 8 Pz/Pcs 1,5-2-2,5-3-4-5-6-8 mm Giraviti 8...","�","0","0","Work Shop s.r.l. via varese 160 22076 Mozzate (CO) - P.iva 05203150965","0","Iscriviti alla nostra newsletter per rimanere sempre aggiornato sulle ultime novit� e ricevere sconti esclusivi!"
"118.html","Prezzi mostrati IVA inclusa - Non si effettuano spedizioni in contrassegno.","","","","�","0","0","Work Shop s.r.l. via varese 160 22076 Mozzate (CO) - P.iva 05203150965","0","Iscriviti alla nostra newsletter per rimanere sempre aggiornato sulle ultime novit� e ricevere sconti esclusivi!"
"66.html","Prezzi mostrati IVA inclusa - Non si effettuano spedizioni in contrassegno.","","","","�","0","0","Work Shop s.r.l. via varese 160 22076 Mozzate (CO) - P.iva 05203150965","0","Iscriviti alla nostra newsletter per rimanere sempre aggiornato sulle ultime novit� e ricevere sconti esclusivi!"
"70.html","Prezzi mostrati IVA inclusa - Non si effettuano spedizioni in contrassegno.","","","","�","0","0","Work Shop s.r.l. via varese 160 22076 Mozzate (CO) - P.iva 05203150965","0","Iscriviti alla nostra newsletter per rimanere sempre aggiornato sulle ultime novit� e ricevere sconti esclusivi!"
"69.html","Prezzi mostrati IVA inclusa - Non si effettuano spedizioni in contrassegno.","","","","�","0","0","Work Shop s.r.l. via varese 160 22076 Mozzate (CO) - P.iva 05203150965","0","Iscriviti alla nostra newsletter per rimanere sempre aggiornato sulle ultime novit� e ricevere sconti esclusivi!"
"6.html","","","","","�","0","0","Work Shop s.r.l. via varese 160 22076 Mozzate (CO) - P.iva 05203150965","0","Iscriviti alla nostra newsletter per rimanere sempre aggiornato sulle ultime novit� e ricevere sconti esclusivi!"
